select * from cod_data_battel_royale;
select * from cod_data_battel_royale order by AVG_KILL asc;
use priyank;
show tables;
CREATE TABLE DEPOSIT (ACTNO VARCHAR(5) , CNAME VARCHAR(18) , BNAME VARCHAR(18) , AMOUNT INT , ADATE DATE);
CREATE TABLE BRANCH (BNAME VARCHAR(18) , CITY VARCHAR(18));
CREATE TABLE CUSTOMERS (CNAME VARCHAR (19) , CITY VARCHAR(18));
CREATE TABLE BORROW (LOANNO VARCHAR(5) , CNAME VARCHAR(18) , BNAME VARCHAR(18) , AMOUNT INT);
desc DEPOSIT;
INSERT INTO DEPOSIT values 
('100' , 'ANIL' , 'VRCE' , 1000 , '1995-03-01'),
('101' , 'SUNIL' , 'AJNI' , 5000 , '1996-01-04'),
('102' , 'MEHUL' , 'KAROLBAGH' , 3500 , '1995-11-17'),
('104' , 'MADHURI' , 'CHANDI' , 1200 , '1995-12-17'),
('105' , 'PRMOD' , 'M.G.RODA' , 3000 , '1996-03-27'),
('106' , 'SANDIP' , 'ANDHERI' , 2000 , '1996-03-31'),
('107' , 'SHIVANI' , 'VIRAR' , 1000 , '1995-09-05'),
('108' , 'KRANTI' , 'NEHRU PLACE' , 5000 , '1995-06-02'),
('109' , 'MINU' , 'POWAI' , 7000 , '1995-08-10');
SELECT * FROM DEPOSIT;
INSERT INTO BRANCH values 
('VRCE' , 'NAGPUR'), ('AJNI' , 'NAGPUR'), ('KAROLBAGH' , 'DELHI'), ('CHANDI' , 'DELHI'), ('DHARAMPETH' , 'NAGPUR'), ('M.G.RODA' , 'BANGLORE'), ('ANDHERI' , 'BOMBAY'), ('VIRAR' , 'BOMBAY'), ('NEHRU PLACE' ,'DELHI'), ('POWAI' , 'BOMBAY');
SELECT * FROM BRANCH;
INSERT INTO CUSTOMERS values
('ANIL' , 'CALCUTTA'), ('SUNIL' , 'DELHI'), ('MEHUL' , 'BARODA'), ('MADHURI' , 'NAGPUR'), ('PRMOD' , 'NAGPUR'), ('SANDIP' , 'SURAT'), ('SHIVANI' , 'BOMBAY'), ('KRANTI' , 'BOMBAY'), ('NAREN' , 'BOMBAY'), ('MANDAR' , 'PATNA'); 
SELECT * FROM CUSTOMERS;
INSERT INTO BORROW VALUES 
('201' , 'ANIL' , 'VRCE' , 1000 ),
('206' , 'MEHUL' , 'AJNI' , 5000 ),
('311' , 'SUNIL' , 'DHARAMPETH' , 3000 ),
('321' , 'MADHURI' , 'ANDHERI' , 2000 ),
('375' , 'PRMOD' , 'VIRAR' , 8000 ),
('481' , 'KRANTI' , 'NEHRU PLACE' , 3000 );
SELECT * FROM BORROW;
SELECT ACTNO, AMOUNT FROM DEPOSIT;
SELECT CNAME FROM DEPOSIT WHERE AMOUNT > 4000;
SELECT CNAME FROM DEPOSIT WHERE ADATE < '1996-12-01';

